,lemma
1,snotty
4,lying in trade
6,buttfucker
8,assplay
16,nerdiness
18,putz
21,retrolateral
22,p√¶dant
25,clann
26,rentboy
27,ponce
29,prate
31,wankiest
32,lawlessly
33,muthafucker
34,narcism
35,homophobic slurs
36,black-legger
38,overseas press
39,cosanostra
42,hubrus
44,dastardliness
45,m o f f i a
47,dietrology
49,politics and current events
50,mancraziness
51,folderol
52,usura
54,courtisanerie
57,changeling
59,buffoon
60,shot caller
64,beyotch
65,pandering
68,sluttish
70,half-wit
71,crooned
72,anatomical term of location
74,babble
75,rascal
76,bragger
77,tooshie
78,mongrel
79,teaching aid
80,lying by omission
84,swindler
87,changeling
88,girl-crazily
92,sicilian mobsters
94,fashism
95,society figure
97,mark
98,slovenly person
99,boy-craziest
100,woman-craziness
102,hypersexualism
103,pimpet
105,tail
106,scheme
108,female sex workers
109,anatomic position
110,recreant
112,imp
115,crimination
118,pandemonium
120,rafts
121,interfertility
123,zealotry
124,prostitude
126,sewerage
127,posteriorly
129,new borns
131,lummox
132,narcissists
134,book-louse
139,conspiratard
141,shy lock
146,scientismist
149,pedants
151,pederastry
152,barrack
154,coo-yon
155,soft touch
157,schlong
158,lying by omission
159,bollock
160,buttcheeks
161,stealing
162,monkey
163,grumbler
164,pimping
165,nigga
169,nymphomaniacs
170,nymphomaniac
172,stumbler
176,cross-breed
177,dependencia sexual
179,homoeroticism
182,papparazi
186,mother-fucker
194,rapscallion
196,saphead
197,fundamental regime
199,dumbbell
203,piener
204,whoremongers
206,dime novels
211,moronic
213,loose woman
214,african-negros
215,conventicles
216,street girl
221,mongolchuud
222,flesh mongers
224,wither
226,flouter
227,machinate
229,newspaperman
230,band
231,hetairism
235,doxy
236,orangeish blacks
243,niggar
244,stupidhead
245,cheekiness
246,m.o.f.f.i.a.
247,wise guy
251,compulsive sexualities
252,freimaurer
253,sex client
254,dark-brown
257,juddaism
258,anterial
260,moffias
261,bottom
262,moth
265,criminous
266,sheik
268,chump
269,muff
270,goon
273,judaist
274,birin
275,stoled
277,sexually compulsive
278,rapscallion
279,kerb-crawler
280,man-crazily
281,maffias
282,mass
283,celebrity photographer
288,boaster
291,ab axis
292,prankster
294,winterdyke
295,mongolids
297,derierre
298,facism- meaning
299,properties of msw
304,caper
305,wardress
308,bendouin
314,bum
317,fascist
318,mannii
319,incriminates
324,m.o.f.f.i.a.
326,rookie
331,garbage
335,fabricator
343,kerb crawling
344,heaps
348,homophilia
352,barbarian
355,criminally
366,smart
367,ballock
368,homosexual
369,undoer
370,knavish
373,simpleton
374,cowardliness
375,know
376,egotisms
377,trumpery
379,mole
380,sucker
383,the masons
385,messalina complex
387,p√©dant
389,retard
390,pietism
392,katerfelts
393,lampyris bellieri
394,gossips
395,sicilian mobsters
398,latino
405,great company
407,crossbred
408,nazi
410,rat
411,villainous
414,strike breakers
415,blackleggers
416,moo-cow
421,behavioral signals of lying
422,patsy
424,kerbcrawling
426,fundamentalists
427,theif
429,mongloids
430,dissembled
431,zigan
433,idolized
436,m. o. f. f. i. a.
437,villainesses
439,outlawry
442,rez car
445,foreskins
446,larsony
447,freezer-duty
449,unintelligence
451,antic
453,police officers
456,bedouin
458,masses
459,w-h-word
460,do-gooder
461,zaptiah
462,worship
463,gang
467,ringleader
468,crossdressing
470,craftiness
473,brothel-keeper
474,hyperphilias
475,huckster
476,dick
477,schoolmarm
482,snaparazzi
483,untruth
484,new-borns
485,fag
486,fatuously
487,puss
488,dope
491,dudett
498,patsy
499,mf'er
501,oleaginous
505,ass
506,usurer
508,jewish
509,pop off
511,handjob
512,effers
513,wanky
514,clich√©d
515,testes
517,lav
518,gentlelady
519,dissembled
523,cantharis noctiluca
524,casinoes
527,outlawry
534,smatter
535,john
536,tattle
537,√áingene
543,assfuck
544,idiot
546,idiocy
550,john
551,odds and ends
552,john
553,shakkanho
554,transformismo
559,vagina
560,henchmen
562,superciliousness
563,gaymen
573,craven
574,negro
575,vanity
578,bargain
581,womancraziest
582,bigot
583,money-lending
584,gormandise
586,hyper sexuality
588,male sexuality
589,ostrogoths
591,do-nothing
594,correspondent
597,mongrelism
598,dissembles
599,hypersexuals
601,the egoist
602,babe
604,police man
609,wankers
612,pest resistance
614,–ß–µ—Ä–Ω–æ–∂–æ–ø—ã–π
615,proximodistally
618,rent-boy
619,mancrazier
620,ingroup
624,courtisane
628,caudal
629,demagogues
630,papa chester
631,paid sex
633,metic
634,sluttishly
635,hypersexually
636,hyper-sexualist
637,brown
639,dehydrate
640,fool
641,bounder
644,hybridisation event
645,ŸÉÿ≥
648,shaven haven
649,boycraziest
651,process
652,superciliousness
653,flub
654,transvestites
655,junky
664,sodomise
666,putz
667,blackeness
668,money-lending
671,anteriorly
672,cow's size
676,lots
678,mug
679,clothes maidens
685,jerry
686,theivery
687,conformists
689,◊ê◊í◊ï◊ò◊ô◊ñ◊ù
690,police man
691,ruiner
693,mafiosi
695,judaity
697,roll in the hay
699,snuff it
700,orange blacks
701,wankily
702,female illusionist
704,schoolmistress
705,homophilic
708,blather
709,narcissistical
712,clansmen
714,fuckhead
716,mazafaka
717,girl craziest
720,african-negroes
721,bawd
722,know-all
727,cross-breeding
728,conspiracy theorist
729,sly
730,prepuce
733,officer
734,ballup
736,people
737,homosexulity
738,tai ee long
739,mid-clavicular line
749,abactor
750,sucker
751,szgany
756,groid
757,fraudster
759,cross
760,imbecile
761,working rich
763,infants
766,extreme right-winger
768,sextraders
770,villan
771,money lending
772,school marm
774,chiseller
775,sonuvabitch
776,masses
778,dogmatism
779,zaptiah
783,fucknut
784,sleiveen
787,persons involved in the sex trade
789,blackishorange
790,scrabble
792,brothel-keeper
793,freemasonic
794,trollop
799,paper-pusher
800,half-wit
801,freshness
802,japanese units
804,ostentation
807,scammer
810,hyperlibido
812,mongrelized
814,peanis
815,bloopers
819,stuff
821,grungecore
822,parvenus
823,scalawag
824,woman of the street
825,usurer
827,demanding
829,carrionism
830,prostitutes
833,tai ee long
837,underparts
839,uprooter
840,man-crazy
841,ghey
843,put-on
846,fancy man
847,simple
852,loan-sharking
853,v faba
854,juadaism
856,mischiefs
860,inferiorly
861,fascsim
864,whoresons
867,movie villains
868,primate
869,reactionary
871,chiseler
876,romanis
879,persons involved in the sex trade
881,dunderheads
886,greenhorn
887,sex anal
889,cretin
895,waster
896,iason chronis
900,can
903,professeur
906,slip of the tongue
907,fundamentalist
908,rascal
909,hindquarters
912,pimps
913,derelict
921,barbarousness
922,phallos
928,queerio
929,teste
932,religism
936,prevaricates
937,paraphilia related disorders
939,jigaboo
945,pimpin
946,hyper sexualism
947,plant breeder
948,grande horizontale
949,%e2%80%99ndrangheta
951,new rich
952,peeress
954,tribes
955,fbomb
956,problem
957,rostralward
959,blunder
960,avialian
963,avian dinosaur
965,grungies
966,slovenly woman
967,booby
970,brownish
971,braggart
973,idiotes
974,african american
976,simpleton
979,gull
985,saphead
986,impertinence
987,unctuous
988,bluestocking
990,birds
991,chump
993,faggy
997,anal stimulation
1013,swell
1015,paramour
1016,imbecile
1017,gnurd
1018,pretentious
1021,jokester
1023,unlawfulness
1027,boy craziest
1029,crack ho
1035,judaic
1037,m√©t√®ques
1039,beduin
1041,hybridization event
1042,jesters
1043,latrines
1044,delict
1046,loan sharking
1049,puzzler
1058,quarter-caste
1059,imp
1060,superbia
1061,tribeswomen
1064,bos primigenius taurus
1066,have sex
1067,incriminating
1069,fall guy
1072,boycraziness
1075,mongoloids
1077,ordre de felicite
1078,nursling
1080,tattler
1082,hooking
1084,putz
1087,it's a conspiracy
1089,regressivism
1092,romany
1094,vanagloria
1095,stupidety
1096,complacence
1097,abaction
1099,negroids
1100,scribbler
1101,mac
1106,crop selection
1116,v. faba
1117,medial
1118,shrink
1120,last man
1121,teaser
1124,chesty
1125,cunts
1126,usurious
1127,paprazzi
1128,fascist
1129,prison warden
1130,comare
1131,procurer
1132,mason
1133,hypersexualities
1135,criminator
1138,dorsal
1139,sexo-√¶sthetic inversion
1140,changeling
1142,fiend
1144,fops
1147,hetaerism
1150,hispanic
1155,ostentatiousness
1156,intermediator
1157,computer geek
1159,üöº
1161,muttonhead
1167,m. o. f. i. a.
1169,mestizo
1172,nitwit
1173,orangish-black
1174,b√©guines
1175,conspiracism
1177,correspondents
1179,fuckup
1182,illicit
1183,bohemian
1184,motherfather
1185,fascists
1187,effing
1190,"the ""mf"" word"
1193,vainglory
1199,cross-dressed
1200,heterai
1201,crossbreed
1202,chernozhopyi
1203,shag
1204,slutteries
1209,heteara
1211,swinish
1212,incriminator
1213,cullibility
1215,soft touch
1217,reprobate
1218,prostitute
1221,üêÑ
1222,gambling industry
1225,lampyris obscurella
1227,boycrazily
1228,villainess
1232,unnatural
1235,cal√©
1237,drag queens
1238,defrauder
1239,culled
1240,pecker
1242,petit pois
1245,pig
1247,boor
1248,cacography
1249,rectal sex
1251,wily
1252,rotter
1256,hyper sexual
1257,sucker
1259,bitser
1263,slacking
1264,kumpangs
1266,fucc
1268,homosexual
1271,girl-crazier
1273,instructor
1276,nadgers
1277,cross
1278,poof
1279,saunf
1280,paederastic
1283,sexual impulsivity
1284,kin
1287,crossbreed
1289,cheek
1290,gallant
1292,hiney
1293,soft touch
1298,orangeish-black
1301,fuque
1306,triviality
1310,buggering
1313,jewish
1314,pudendal hair
1320,stock
1322,whoremonger
1328,illegitimate
1329,bulgarian
1330,idiocies
1334,handjob
1337,puffiness
1338,hand job
1339,street walkers
1343,narcissistically
1345,retail brokerage
1348,casanova complexes
1350,mess
1351,egg
1353,kike
1356,scamp
1357,blooper
1358,municipal composting
1359,frontal
1362,sexual dependencies
1364,daub
1365,beau
1366,pedantry
1367,mark
1369,buns
1372,posteriorily
1374,robber
1377,crime
1383,sinner
1384,groveller
1386,buttsecks
1389,rats
1391,filching
1392,blabber
1393,schoolmarms
1395,bolox
1397,oldest profession
1398,conspiracy theorists
1407,knock-shop
1408,drying racks
1409,bedlam
1411,kingpin
1412,presumption
1414,bookworm
1415,fanatic
1417,ventrolateral
1418,skirt
1419,neonates
1423,man-crazier
1424,coo yon
1428,negrid
1430,midclavicular line
1431,loansharking
1433,messiness
1434,cross-dresser
1435,arrogance
1436,cowardlinesses
1438,upstart
1439,maunder
1441,mafiosos
1442,procurer
1443,scamp
1444,falix symbol
1446,faba vulgaris
1450,pinhead
1452,blackoranges
1454,livid
1456,usury
1457,hybridizers
1458,man crazily
1463,tormentor
1464,wedding tackle
1467,outlawed
1470,zealotry
1471,cub
1474,"history of the word ""fuck"""
1475,math geek
1476,lucrum cessans
1477,jokesters
1479,romani
1481,penalty card
1482,f%e2%80%93%e2%80%93%e2%80%93
1483,pilferer
1484,craft
1487,anal insertive
1489,clan
1492,party
1494,queerness
1495,idiocies
1499,gobble
1502,jade
1503,roma
1504,foul-up
1508,sucker
1510,prelate
1511,infaneto
1516,narcisist
1517,protocercal
1519,jerking off
1522,bathroom
1524,orchitic
1525,demagogism
1526,dummy
1535,money-lender
1538,maffia
1542,fuck-up
1544,vaginae
1548,venality
1550,bum
1552,fanatism
1556,wankily
1557,foolishness
1558,pimpin'
1559,pecker
1560,teachest
1561,white
1564,money lender
1565,junkie
1566,masonic
1567,codswallop
1569,brigand
1570,outgrowth
1577,heavies
1583,fool
1592,orange-black
1593,procuress
1594,rubbish
1597,finocchio
1602,bitch
1603,abnormal
1604,shylocking
1605,despoilment
1607,grifter
1609,man crazier
1610,moffia
1614,poltroon
1615,yahood
1616,dunderheads
1618,nincompoop
1624,milquetoast
1625,galoot
1626,moron
1627,cunt
1628,teachings
1629,plant crossing
1630,illegal
1632,orangeblack
1634,egotists
1635,knocking-shop
1640,galoot
1642,tattletale
1644,handball
1648,heller
1649,plant biotechnology
1650,brigand
1656,house
1658,homosexuality
1659,incrimination
1661,dismissal
1665,muthafucka
1668,strumpets
1669,mannii
1670,splashiness
1671,stiffy
1672,municipal composting
1678,orangeishblack
1679,bitch-slap
1681,hyper-sexualities
1683,nuvo riche
1684,intraspecific hybrids
1685,hellion
1686,coward
1687,pisum sativus
1690,juive
1691,religiosities
1694,whore-mongering
1698,brokers
1700,terms for zootomical location
1702,avialan
1704,buttsex
1706,interfertile
1707,hypersexualist
1709,knobbly stick
1711,busybody
1716,bigget
1717,idoit
1718,compulsive sexual behaviour
1719,negr≈ì
1722,crossbreeds
1724,ornis
1726,home credit
1727,penides
1728,advocacy
1729,windbag
1730,out of control sexual behaviour
1734,hayseed
1737,deviltry
1740,fudgepacking
1741,matcher
1743,·ΩùŒ≤œÅŒπœÇ
1746,shtup
1749,tribesmen
1751,mongolid
1752,hubris
1755,phallic
1756,gentle-woman
1761,lip
1762,concubinage
1765,fusion paranoia
1767,asian
1773,archpriest
1774,lawlessness
1776,newborn children
1777,churl
1778,bungle
1781,agent
1783,para-fascism
1786,rhine league
1787,butt
1788,guileful
1790,floozy
1791,wisenheimer
1792,clothes horses
1794,dumb
1795,gang
1796,freak
1798,law-breaking
1800,chicken
1801,multitude
1802,woman-crazier
1806,cloaca
1813,judasim
1815,barbarously
1816,anial sex
1819,meteques
1821,hierodulai
1822,faggotry
1823,scam
1828,demagog
1829,new money
1830,alt-thrash
1833,marmango
1836,tribally
1845,ostragoths
1851,bumpkin
1852,trafficker
1853,woman-craziest
1855,scrawler
1857,fascistic
1858,oafish
1859,pansy
1860,intrigue
1861,amour propre
1862,gangster
1865,whoreson
1866,floosie
1867,moron
1868,brothels
1869,conspiracist
1870,pride
1874,cashed up bogan
1875,scoundrel
1877,female impersonator
1878,crotch hair
1881,sons of bitches
1890,latrina
1892,god
1894,airer
1895,nookie
1896,queer-identified
1897,boss
1901,whored
1902,upperparts
1903,grifter
1904,bunghole
1914,homosexualit√©
1915,league for civil education
1917,tosser
1919,prick
1921,charlantry
1924,muggins
1925,fayg
1926,pup
1927,barbarous
1930,mafiosa
1931,fellowcraft
1933,beghards
1934,mongering
1936,dunder headed
1946,crossbred
1947,herd
1949,homo
1951,rook
1955,orchis
1958,criminations
1959,listen in
1961,haystack answer
1962,faba sativa
1965,moralizing
1967,crossings
1968,meretricious
1971,shag
1973,proximally
1975,fokken
1976,religious extremists
1979,hetairai
1980,doofus
1981,culls
1983,rat
1984,ingurgitate
1988,witcrackers
1990,comar√©
1993,genetic crossing
1995,sexuality of the human male
1997,race
2000,pr√¶putium
2001,gaynal
2002,cern≈ç
2003,delinquent
2005,chaffer
2007,love
2009,d00d
2013,bribable
2017,judaisam
2018,lot
2019,wash room
2020,overindulge
2023,arse
2028,masonism
2029,sass
2031,mixed origin
2032,in vase indebito
2033,baby
2034,shot caller
2035,crop selection
2038,crossbred
2041,mosaic faith
2042,homophilic
2043,phallus
2045,megabrothel
2047,hypersexual
2048,sodomizing
2050,fashion-monging
2051,bollox
2053,flesh-monger
2054,zealots
2055,babies
2056,complainer
2057,water closet
2058,black
2060,wc
2062,cunt-splice
2063,bos taurus
2068,moneylender
2071,whores
2073,nazism
2074,satyromania
2075,highway-robber
2076,lampyris thoracica
2077,hybris
2078,blackamoor
2079,bas bleu
2081,hoaxer
2082,fraudster
2083,dudes
2084,churls
2088,coo-yon
2090,mongolic peoples
2091,compulsive sexuality
2092,sextraders
2093,jelopie
2098,bessara
2100,teacheth
2101,larceny-theft
2103,movement
2105,tush
2109,faggot
2110,piles
2111,m.o.f.i.a.
2112,vadge
2119,assumption
2120,back talk
2127,m o f i a
2128,pimp
2129,not to entertain thoughts of other gods besides him
2131,slyness
2132,slutpuppy
2133,idiotic
2135,carrion
2139,cattle-rustling
2140,camarilla
2141,pars medialis
2142,panderer
2143,lucrum cessans
2144,filched
2147,negroe
2148,sheeny
2149,vainglories
2152,dummy
2155,blackish orange
2156,boche
2157,scribe
2158,muss
2159,properties of msw
2162,cop
2164,ghey
2165,order de felicit√©
2166,boy crazy
2169,malefactor
2177,deplasmolysis
2178,rumourmonger
2180,vandalii
2181,clans
2183,police men
2186,idoltry
2187,shaft
2190,eavesdrop
2192,screw
2195,lhasash1tzapoo
2196,reject
2203,kerb crawling
2204,dame
2206,conspire
2208,slews
2210,homophile
2211,ordre de felicit√©
2212,hyper sexualist
2213,scientific expansionism
2215,rroma
2218,pickle
2220,krauthead
2221,tribal
2224,darkey
2230,blacklegger
2231,clotheshorses
2232,twirp
2236,woman crazy
2241,woman crazily
2243,ostrogoth
2249,tricky
2250,ballocks
2254,prevaricates
2256,sissy
2258,gossip
2259,household wastes
2260,whoredom
2262,rabble
2263,concubin
2264,delicts
2269,privy
2271,dunderheaded
2272,quean
2274,purchasable
2276,theft
2282,homosexual
2284,telltale
2287,simpleton
2289,bagnio
2290,beguines
2293,anterior axillary line
2295,scratch
2296,procrasturbation
2298,mug
2299,mestiso
2300,preachify
2301,derelict
2307,perspicaciousness
2311,af&am
2312,cull
2315,messenger boy
2321,prohibited
2322,religously
2323,namby-pamby
2324,nervelessly
2326,hustler
2330,pederast
2331,circle
2332,crossings
2336,rabble
2340,burglar
2342,effingly
2348,knave
2349,demagoguism
2350,lampyris carreti
2355,doll
2356,dissemble
2358,fava
2359,satyriasis
2361,queer
2362,boycrazier
2364,female illusionist
2365,ring
2367,tart
2369,convenience
2371,backtalk
2374,asportation
2375,hnrrep
2377,modern dinosaurs
2378,balls-up
2379,whoremongering
2380,charlatan
2385,tribe
2386,brigands
2387,badda bing
2390,can
2391,police-woman
2393,barbarians
2399,money lender
2401,girlcrazily
2407,womancraziness
2409,overweeningly
2412,faggot
2418,stalkerazzi
2422,decaying meat
2426,necessarium
2427,bollocking
2428,freezer duty
2430,chanticleer
2431,yokel
2434,camp
2436,hump
2444,stupid
2445,money-lender
2448,wads
2449,prevaricated
2451,excessive sexual drive
2455,pansy
2459,m. a. f. i. a.
2461,nickel novel
2464,impudence
2465,sexual dependents
2466,bollocks.
2472,rent boys
2473,mongoloid
2475,squiggle
2477,hypersexualisms
2479,pubes
2480,idiocity
2483,boorish
2485,bungler
2488,crossed
2490,join the choir invisible
2493,oblique plane
2494,blockhead
2495,idiotes
2497,bigots
2499,hornswoggle
2500,fall guy
2502,numskull
2505,self-love
2506,incriminatory
2510,blackguard
2511,corca
2513,savvy
2516,gouger
2520,deceitfulness
2523,wtf
2524,nitwit
2525,changelings
2526,buttfuck
2527,nitwit
2531,hole
2533,broad beans
2536,scoff
2537,stacks
2538,apple polisher
2539,caitiff
2543,fib
2544,lout
2546,m. a. f. i. a.
2548,foreign news office
2549,chatter
2550,dullard
2552,snob
2553,floater
2554,fall guy
2556,bundaist
2557,ragtag
2558,fop
2562,falsity
2563,mark
2566,hindquarter
2567,anteversion
2568,ordinary
2572,scribble
2575,blackballed
2576,orangishblacks
2577,inkiness
2579,banditry
2582,girlcrazier
2584,cullible
2586,barbarically
2588,zulu-kaffirs
2600,clown
2601,moneylending
2602,a b axis
2607,narcist
2610,police officers
2613,pikey
2614,teasing
2615,homosexuals
2620,simple
2622,moobster
2624,sewer
2626,give-up the ghost
2628,criminals
2632,empalo
2633,dunderheads
2635,perish
2636,living sauropods
2639,poofster
2641,analsecks
2643,anatomy directions
2644,vaginas
2646,slit
2647,tricker
2648,casanova complex
2650,huskamute
2653,brownly
2656,wankier
2657,punter
2665,stupidities
2670,washroom
2671,slattern
2674,goldbrick
2675,sluttishness
2676,terms of anatomical location
2680,meretriciously
2682,slackingly
2684,society hostess
2685,nouveau-riche
2686,roguery
2691,mammary line
2697,henchwoman
2699,loggerhead
2700,croon
2701,carrionistic
2703,bumsex
2714,goth
2716,conformist
2718,barbarously
2721,tsubo
2722,carrionist
2723,gluteal region
2729,stupidity
2734,fagot
2735,hard-on
2736,japanese unit
2743,git
2745,bandit
2746,snot
2749,public conveniences
2750,negress
2753,moronism
2754,scribble
2755,intermediary
2759,sassing
2761,ruck
2765,stupidly
2766,mancraziest
2767,raven
2769,loo
2770,kinfolk
2771,kerb crawlers
2772,mark
2776,roguishness
2777,fearful
2782,orangeishblacks
2784,üê•
2786,sluttiness
2787,impulsive sexuality
2788,egghead
2789,planes of motion
2791,japanese-mestizo
2792,juives
2798,gull
2799,gelopy
2801,culchies
2803,paederasty
2807,africanus niger
2808,quidnunc
2810,tomfool
2811,snitcher
2812,whore-mongering
2819,paraphilia-related disorders
2824,out-of-control sexual behaviour
2825,larseny
2826,plant improvement
2828,victimize
2830,jewes
2833,blackishly
2835,sonny
2836,crop enhancement
2838,slacked
2840,strike-breaker
2842,dumbbell
2843,folly
2845,drag artist
2847,stern
2851,dafuq
2852,narcicistic
2855,shylock
2856,kerb crawlers
2859,second-rater
2860,pederastic
2861,mishmash
2864,great unwashed
2865,homo
2866,birin
2868,bulk
2869,hodgepodge
2870,hussy
2871,gambling hall
2872,jewess
2874,gliding mechanism
2877,caravan
2879,parafascism
2880,meretricious
2884,eejit
2886,chump
2888,üëÆ
2890,hypersexuality
2895,moronism
2896,sodomist
2898,same-gender attraction
2899,midpupillary line
2900,judaisem
2901,fool
2905,fall guy
2906,moron
2908,coo yon
2909,oodles
2915,demagogue
2916,streetwalking
2918,streetwalker
2919,derri√®re
2921,sextrader
2922,corruptible
2926,putz
2930,bird
2931,egotism
2933,simple
2934,prositution
2935,applesauce
2936,moobster
2940,hybridism
2942,taradiddle
2944,pimpet
2945,usurious
2947,niggiz
2948,mistress
2952,supercilious
2958,hebrew
2960,dunderheaded
2961,proximo-distally
2962,shrimp
2966,concubines
2967,cretin
2970,facsism
2974,cease to be
2975,wretch
2977,booby
2979,hyper sexualisms
2980,fuckier
2987,hyper sexualities
2988,prostitution
2990,knob sticks
2991,our money
2992,vandali
2993,beeves
2995,have it away
2997,hybris
2998,egotistic
2999,paparazzi
3000,knock shop
3002,imbecility
3004,chiseller
3005,strumpet
3012,girl-craziness
3015,eastern goths
3020,fulsome
3021,moralise
3023,balladeer
3029,pest resistance
3032,gynosodomy
3034,snoop
3038,peccatum contra naturam
3039,train
3040,moronism
3043,excessive masturbation
3044,cows
3045,make out
3047,social climbers
3048,kin-group
3049,copper
3052,cowardices
3054,tzigan
3056,other races
3060,comfort room
3061,dude
3065,living dinosaurs in africa
3069,fuck!
3070,dark enlightenment
3071,kerb-crawler
3073,plant breeders
3078,authoritarian cultist
3079,bumsecks
3082,orangish-blacks
3085,heel
3086,penis
3089,selfishness
3090,boastfulness
3091,presumptuous
3095,diddle
3098,mouth
3099,chiseler
3100,paparatsi
3103,niga
3106,fuking
3108,dumbbell
3111,talebearer
3112,uniform small loan law
3114,cosanostra
3115,struck work
3118,bumbler
3124,umirt√†
3125,lie
3128,sex clients
3131,gip
3139,fold
3147,judeo
3148,anteverted
3151,cross-bred
3152,fumbler
3153,fasism
3154,yehudim
3155,blackball
3171,drumbeater
3173,nigra
3174,thefts
3175,muscle
3180,p. sativum
3181,snot-nosed
3182,superior
3187,nut
3190,slutiness
3194,overgorge
3197,mischief
3200,cross-dressing
3202,barbarous
3204,twit
3207,pedantes
3210,judaical
3213,subcaudal
3214,ipsilateral
3216,miscreants
3219,comfort rooms
3221,dunder headed
3222,curlies
3224,linebreaker
3225,bawds
3226,la costa nostra
3227,paiderastia
3228,bloomer
3229,vayjayjay
3230,bawdyhouse
3233,woman-crazily
3236,babby
3241,foppishly
3242,autophilia
3243,fat fin
3244,unlawful
3245,dunder headed
3246,paedants
3247,mongrelization
3250,sodomised
3252,dandy
3253,simple
3254,flesh mongers
3255,fool
3258,booby
3260,loan sharking
3261,ethnicity
3262,half-breed
3264,niggers
3269,restroom
3270,galoot
3272,lower intelligence
3277,sewage
3278,hookers
3281,the synagogue
3283,brokering
3285,cow
3288,tike
3291,cathouse
3293,phallicism
3295,ni66a
3296,ostgoths
3297,gullible
3298,blackish-orange
3299,stupidhead
3304,black-orange
3305,testis
3306,üêÆ
3308,pube
3310,c word
3311,concourse
3312,man-whore
3315,gayness
3317,mob
3318,ho yay
3320,w-h-word
3321,theives
3323,truckler
3326,fundamentism
3327,fuck
3328,hoe
3331,fox
3333,entered apprentice
3335,go
3338,facist
3341,transvestism
3342,bush
3344,brownishness
3346,overweeningly
3348,coterie
3349,moronism
3351,on-the-scene reporting
3356,sexual dependence
3357,sex-trader
3358,disorder
3359,pubic triangle
3361,half-cast
3363,effed
3364,ass-fucking
3367,kinship group
3370,com√†re
3372,sap
3375,pedant
3376,idiotes
3377,engorge
3379,gullability
3381,prostitude
3382,idiotic
3386,cockalier
3390,judaism
3392,bedouinism
3394,cabal
3395,demagogic
3396,idiot
3400,pimper
3408,black
3410,idolatrous
3412,prig
3413,addict
3414,bird
3416,rhaus
3419,pe√±is
3420,gays
3421,"(0, 0, 0)"
3422,demise
3423,poltroonery
3424,uniform small loan law
3425,shylocking
3427,public lavatories
3428,hyper-sexualisms
3430,chaos
3432,pedanticalness
3433,peasant
3440,idiocity
3442,idiotic
3444,israelite
3449,african negros
3453,idolatry
3457,half cast
3461,minstrel
3462,gag reel
3463,half-breeds
3464,vaingloriousness
3465,idioticness
3467,idiot
3473,bitchiness
3476,prevaricate
3480,prevaricating
3485,üê£
3488,jewry
3489,lump
3490,tribesman
3493,lazybones
3496,rook
3499,gorge
3502,man crazy
3503,kumpangs
3505,police men
3507,blackishness
3514,bedu
3517,caution
3518,jestyr
3520,fuckin
3522,criminated
3524,homo√´rotic
3527,tattle
3528,sermonize
3531,buttocks
3534,coffee
3535,moralism
3539,furor uterinus
3540,crossdresses
3543,anteroposterior
3545,effer
3546,hooker
3548,sniveller
3551,anti-progressive
3554,effs
3557,kine
3565,eejit
3566,oily
3569,usuary
3571,bagong yaman
3572,testicals
3573,cub
3574,paparazi
3576,papillary axis
3578,shit
3579,sexually dependent
3580,gerarca
3582,propagandist
3584,topsy-turvydom
3585,·ΩùŒ≤œÅŒπœÇ
3588,trouble
3589,glow-worm
3591,hubris
3593,juadism
3595,hookers
3596,ass-sex
3597,satyriac
3600,paparazzo
3602,farrago
3603,fatuousness
3606,bonehead
3608,mac
3613,gangmembers
3614,clotheshorse
3617,zealotous
3619,hyper sexually
3621,grime
3622,crop enhancement
3625,bastard
3627,relics
3628,harlots
3633,idol-worship
3634,multitude
3635,inter-breeding
3636,hetaera
3641,exit
3648,m. o. f. f. i. a.
3650,salary buying
3653,have intercourse
3655,mistress
3659,junto
3660,rat
3662,e-rection
3663,boner
3666,stealer
3669,fukka
3670,retard
3671,crafty
3673,prositution
3674,religious totalitarianism
3677,hyperphilia
3685,criminating
3686,idiocity
3694,ma'am
3696,dog
3697,bigheaded
3698,shorkie
3701,grunge
3703,vagabond
3705,demagogies
3706,pimper
3707,snooper
3708,homonculi
3709,faggoty
3711,keister
3712,twinkie
3714,whoremongering
3716,neoreaction
3718,eejit
3719,deviant
3722,bastard
3727,dissembles
3732,clitoromania
3735,tuffier's line
3741,wit-cracker
3742,mammal hybrids
3745,devour
3746,buttucks
3747,mutha fucka
3751,nouveaux riche
3753,con
3754,venal
3756,coward
3760,newsmonger
3765,jerk-off
3767,sbirro
3768,conspiracy theorism
3769,patrolman
3773,brothel
3775,plantar
3778,mestizaje
3779,blackleg
3781,junk
3784,dummy
3788,great unwashed
3789,p√©dants
3791,devilment
3793,moralisation
3797,strike-breaking
3799,kerbcrawl
3801,penman
3803,cooyon
3804,carion
3805,vegina
3808,fornicatress
3809,madams
3811,idiocy
3812,sleep with
3814,screw
3815,breaking laws
3817,oaf
3818,zulus
3822,crosses
3824,radial deviation
3827,foppery
3828,moronic
3830,proximodistal
3832,bang
3834,neden
3840,living dinosaurs in south america
3842,shithead
3844,procurers
3845,judaistic
3846,jolapee
3848,volume
3849,putz
3853,baby
3855,falsehood
3859,dolt
3866,religious extremist
3867,scum
3873,concubinial
3874,skunk
3875,trite
3877,whoring
3878,trafficker
3884,simple
3887,pro-fascist
3889,umirta
3891,felicitaries
3892,criminal
3895,üêÄ
3896,sex maniac
3898,whoor
3899,vandal
3900,imbecile
3904,procuress
3907,plant improvement
3908,tomfool
3909,half-caste
3912,gstie√ü
3913,ostrogothic
3914,homunculus
3915,comfort station
3916,cur
3917,clerical
3919,boo-boo
3921,orangeblacks
3923,dairy air
3924,the m.a.f.f.i.a.
3925,effrontery
3927,homomunculi
3930,policeman
3931,too big for one's breeches
3934,gullable
3935,gangmembers
3936,infanthood
3938,hustler
3940,grease
3942,lout
3943,draught-house
3944,barberian
3945,postero-anterior
3946,bog
3948,knucklehead
3953,prison guard
3956,sub-clans
3959,wankers
3960,sept
3961,home credit
3964,hero-worship
3966,courtier
3970,ditzy
3971,harlot
3972,gullibility
3975,mid-inguinal point
3982,stupidhead
3984,pinhead
3985,sex mania
3986,cattle-raid
3990,sly
3991,noblewoman
3992,score
3993,fascisized
3996,conspiricy theory
4000,slutte
4001,üëÆ
4002,drudge
4006,ostentatiousness
4007,dummy
4008,american indian
4009,female impersonators
4013,punter
4014,society for individual rights
4015,ninny
4016,stenomys
4019,applesauce
4021,sap
4026,asshole
4027,c-bomb
4028,juden
4030,fuckup
4032,rom
4034,banditti
4037,procurers
4042,prankishness
4043,sacred trusts
4044,vandili
4045,half-wit
4048,anatomical directions
4049,guff
4050,slag
4051,messalina complexes
4054,knockshop
4055,slatternliness
4056,hybridiser
4061,rancid
4062,cockup
4067,cattle
4068,ostentation
4069,be intimate
4070,pimped
4072,horcwenan
4075,supercilious
4076,clanswomen
4079,orange-blacks
4081,pedarsty
4083,mocker
4085,dorsoventral
4086,robber-baron
4087,orangeish-blacks
4088,mme
4090,wagon trail
4091,free & accepted masons
4092,adulteress
4101,mulct
4102,buttery
4105,deviate
4106,the south
4112,rot
4114,matchmaker
4117,dunder heads
4121,cliques
4122,cortisan
4124,roguishness
4125,phratry
4126,order de felicite
4127,neonatus
4128,gourmandize
4131,global conspiracy
4132,excessive sexual drives
4136,free company
4139,hijacker
4140,sexual compulsivities
4141,gallimaufry
4142,erection
4146,pidor
4148,pedantic
4150,nikker
4153,testical
4154,commercial sex
4155,autolatry
4156,posterior
4157,charlitain
4158,vandals
4159,croons
4162,filcher
4163,romanies
4164,storky
4165,donnish
4166,walloper
4167,dumbass
4169,chump
4170,tramp
4172,tool
4174,mongols
4175,beguine
4179,bind
4180,changelings
4181,retard
4184,dishonest
4187,tomfool
4188,gentlewoman
4190,weisenheimer
4195,criminators
4196,incriminated
4198,lampyris noctiluca
4201,loverboy
4202,tale
4203,c word
4204,jailor
4205,anal seks
4208,a. f. and a. m
4210,weakling
4213,free masons
4218,dissemble
4220,cock
4223,schoolma'am
4225,palga isha
4226,cranially
4228,decrepit car
4236,jews
4237,fools
4238,flesh-monger
4239,scuttlebutt
4241,brownest
4244,compulsive sexual behaviors
4249,mob
4251,gayest
4256,sex-traders
4258,blether
4259,anatomical terms of location
4263,dunderheaded
4265,rubbish
4266,pedagog
4267,puke
4269,fatuous
4270,cad
4271,hoe
4272,pussies
4273,porky pie
4277,impulsive sex
4279,enthusiast
4280,nestlings
4283,cooyon
4285,gender disguise
4288,robber-barons
4295,judiasm
4298,pandered
4299,sex-trader
4300,boy crazier
4304,niggas
4305,rump
4307,mongering
4308,slob
4309,fascistic
4310,neandertal
4311,higgle
4312,stinkpot
4314,coronal view
4315,nates
4316,f word
4322,womancrazy
4323,police-man
4325,dissembler
4329,sonamabitch
4330,ceorle
4332,society for individual rights
4337,abigeus
4339,c-word
4340,trito
4343,squawker
4344,insensibility
4345,narcissism
4349,interspecies reproduction
4351,astuteness
4353,courtesans
4356,rubbish
4357,idioticness
4358,crossdresser
4359,hitlerite
4362,fanatics
4363,p√¶dants
4366,pass
4376,masonry
4384,intraspecific hybrids
4385,churls
4389,mothafucka
4390,puzzle
4394,lampyris submucronata
4397,judaically
4403,moneygrubber
4405,fanatical
4407,criminal
4408,bandits
4410,villainies
4411,apendage
4414,barbaric
4418,akranis
4419,moffia
4420,defraud
4421,blab
4422,prevaricate
4423,clique
4424,pubic topiary
4428,cingene
4433,penile-anal sex
4434,ostrogothi
4436,falsity
4442,criminately
4445,troublesome youth group
4447,codswallop
4450,tike
4457,african-negro
4458,cattiness
4461,wank
4466,blackishoranges
4467,filth
4468,pimpers
4469,intra-specific hybrids
4472,floozie
4475,die
4478,pedanthood
4483,buttock
4484,orangish blacks
4485,criminousness
4486,social climbing
4487,idolize
4489,pubic hair
4493,girl crazily
4495,army
4496,fashion-monger
4500,restrooms
4503,gossip
4507,conspiracy researchers
4508,idiotes
4512,chick
4513,dunder heads
4515,villians
4518,betise
4519,hybridizers
4520,knocking shop
4521,donkey
4522,prick
4523,motherfucka
4524,bawds
4526,pomposity
4527,crooner
4529,valagothi
4534,superficiality
4536,criminate
4542,storyteller
4543,faba beans
4544,prevarication
4547,stand-up
4548,queans
4549,th. metzger
4550,foul
4552,r. norvegicus
4553,raubritter
4555,offender
4556,oddments
4561,impulsive sexualities
4564,hyper-sexualism
4566,cunt
4567,so-and-so
4568,biglang yaman
4569,membrum virile
4571,lavatory
4573,sleep together
4575,snatch
4576,crossbreeds
4578,ray
4580,longitudinal plane
4582,prattle
4584,malefactor
4586,folk
4588,facism
4589,subplantar
4590,flout
4591,puppy
4594,asscheeks
4595,dunder heads
4596,fascisist
4597,changeling
4598,anal receptive
4599,policemen
4600,hustlingly
4601,pedication
4602,compulsively sexual
4604,live at the scene
4606,gobshite
4612,different
4616,coo-yon
4618,winterdykes
4619,tzyhany
4620,lordliness
4626,dionism
4629,conspiracy theory
4631,freesmasons
4632,poofy
4633,hierarch
4634,√ëegro
4636,crackwhore
4640,suckling
4642,pandar
4643,toilet
4644,badda bing
4647,wanky
4648,pterygiophore:
4650,sex client
4651,bumfuck
4654,dudette
4655,trick
4657,balls
4664,liars
4667,imbecility
4670,phalli
4673,satiate
4674,loansharking
4675,hustled
4683,rest rooms
4685,courtisan
4686,peon
4692,religiousism
4696,moths
4702,girl-craziest
4705,reactionarism
4706,scrapping
4708,highwaymen
4710,haggle
4715,frau
4716,commonplace
4718,bonk
4726,pride
4729,antero-posterior
4730,testicles
4731,gull
4732,insolence
4734,uppish
4736,operator
4739,gossiper
4742,conspiracy theorys
4747,conspirology
4749,herds
4751,crowd
4752,netherhair
4753,idiocity
4754,madams
4755,throng
4756,procuring
4759,saphead
4761,ratus
4762,halfbreed
4764,poofter
4766,street walker
4767,ultraconservative
4770,idiots
4771,factor
4773,"see you, auntie"
4774,crook
4775,teachers
4776,imbecile
4782,swot
4785,moralize
4791,meretrices
4794,pimpin'
4800,topsy-turvyness
4801,galley slave
4805,avafauna
4807,compulsive sexual behaviours
4808,money lending
4809,fairy
4810,fashion plate
4814,scarf out
4815,krauts
4817,pomposity
4818,moneylender
4819,inferior
4823,slutty
4825,pedarast
4826,anal secks
4831,pimped
4833,wiliness
4835,f-bomb
4837,bus
4839,kamarilla
4841,madam
4844,prostitution
4845,loads
4846,choke
4847,flesh-mongers
4849,having anal
4850,vicia faba
4855,glowworm
4856,demagogically
4857,hetairas
4860,thiefing
4861,dorsolateral
4865,th. metzger
4866,rogue
4867,same-sex
4868,ah long
4869,working girl
4870,turning tricks
4871,phalic
4875,dimwit
4881,pratfall
4883,paraphiliarelated disorders
4885,gangs
4887,doormat
4888,loafer
4890,lowlife
4892,crossdressers
4893,bumseks
4894,bonerfied
4896,gull
4897,stinker
4898,joker
4900,trash
4901,idiot
4902,2b1ask1
4904,gliding action
4905,scientism
4908,breaking the law
4916,usuary
4917,buttcheek
4918,inauspicious
4922,prolateral
4923,teaches
4926,jigolo
4929,vigorish
4931,bellyacher
4932,highjacker
4936,hitlerist
4940,the n word
4941,black-legged
4944,black-oranges
4945,va-jay-jay
4946,swindler
4947,moll
4949,testicle
4956,sexual dependences
4957,ovum
4958,blackish oranges
4961,hotchpotch
4963,hyper sexualists
4964,ah long
4965,mme.
4967,interfertility
4970,turning tricks
4972,peascods
4976,hyper-sexualists
4979,m.o.f.i.a.
4980,mussiness
4982,gangs
4984,maroon
4985,shirtlifter
4986,gibe
4987,sex clients
4989,colon sex
4990,neanderthal
4992,tuches
4993,andromania
4994,bull
4995,concubitancy
4997,jerk-off
4998,artful
4999,nooky
5001,oaf
5002,pinhead
5004,soft touch
5006,idiotism
5008,parparazzi
5009,exsiccate
5010,folly
5012,cocksure
5013,slutting
5014,decease
5015,strike breaker
5017,tittle-tattle
5020,badonkadonk
5021,coo yon
5022,ringie
5023,baddoing
5024,satyriasistically
5025,egocentric
5027,ostrogotes
5028,barberian
5031,bawdy-house
5033,m√©t√®que
5035,rout
5038,negro
5039,per vaginam
5045,superciliously
5047,homoeroticist
5048,dolt
5050,snooty
5052,half breeds
5054,erections
5057,stupidest
5060,mesticos
5062,assfucking
5067,cosa nostra
5068,demogogue
5069,boy-craziness
5074,meretrix
5076,fagala
5077,penile
5078,la costa nostra
5082,crossed
5086,leader
5087,screw
5089,dissemblers
5091,stupidness
5092,policeofficer
5096,drop dead
5098,slug
5099,distad
5104,distally
5105,pickle
5107,nerveless
5109,peter
5114,peas
5115,cross-dressers
5118,grunger
5122,groveler
5123,unintelligent
5124,the karls
5125,junk
5126,loverboy
5128,egotistical
5131,schoolteachers
5136,conceit
5139,mofias
5141,shenanigan
5142,yid
5145,whore's son
5146,chicken
5147,fancier
5149,fool
5152,hyper-sexual
5154,prison guards
5157,mass
5159,ndrangheta
5161,elan
5163,legal irresponsibility
5164,pimp
5167,'ndrangheta
5174,demegogery
5175,teachingly
5176,overweening
5177,englut
5178,waggishly
5179,mafia
5180,niggish
5182,sextrader
5183,buy the farm
5184,prick
5188,self-centered
5190,jew
5191,vajayjay
5192,namby-pamby
5193,lie
5195,foreign news bureau
5196,incriminate
5199,varlet
5201,porky pie
5202,out-of-control sexual behavior
5203,nigger-lover
5205,freemasons
5206,croak
5207,gnathopod
5208,pederasty
5209,falsehood
5210,bedouins
5211,shman
5212,desiccate
5213,twink
5219,whoring
5221,idiot
5223,free-mason
5224,oaf
5228,half-wit
5231,wuss
5234,crust
5235,peons
5236,homosexualist
5239,eonism
5242,hustling
5243,tyke
5244,meddler
5248,vandal
5249,bigoted
5254,male escort
5255,hypersexualists
5257,groupuscule
5259,set
5261,wagon road
5262,socialite
5264,lying in trade
5267,wit cracker
5268,the m.a.f.f.i.a.
5269,faba bona
5270,self-satisfaction
5271,idiolatry
5272,idolatress
5273,line-shooter
5274,caudally
5275,degree
5276,putz
5277,black-africans
5283,criminal
5284,dead-end street
5285,f.&a.m.
5286,tired
5288,transvestite
5289,dodgy
5294,stupid
5302,hellcat
5304,idiots
5305,fibster
5306,fucked
5310,giullare
5312,motherfuck
5313,changelings
5319,criminalities
5320,provincialism
5322,hind end
5324,stupes
5325,fudgepacker
5326,dodger
5328,idiot
5330,ring
5331,cunning
5337,avian reproduction
5339,female's sex organ
5340,fababean
5341,quarter
5343,cabal
5347,fancy woman
5349,coo yon
5350,narcisism
5355,craftiness
5361,fin spine
5365,pea-sized
5367,conceitedness
5369,untruth
5370,fag
5371,conspiracy beliefs
5372,bunco
5373,satyriasistic
5374,dickhead
5377,pedicare
5378,vainglorious
5382,gynemimetophile
5383,appendage
5384,girlcraziest
5385,hauteur
5386,interspecific hybrids
5390,outlawing
5391,mafias
5395,free and accepted masons
5397,gleaming goths
5402,fibster
5404,hogwash
5407,fascist
5409,horcwenan
5410,seat
5412,fuckiest
5413,terms for anatomical location
5414,strikebreakers
5416,self-centred
5417,nerd
5418,pouf
5420,panderer
5423,dissemblers
5424,nobble
5425,blerd
5427,intra-specific hybrids
5429,dunce
5431,pedante
5432,hetaira
5434,begards
5435,overeat
5437,cop
5438,narcissistic
5443,hitlerism
5448,hybridism
5451,what the fuck?
5452,presumptuousness
5453,inflation
5455,pimping
5462,pedagogia
5464,scalawag
5465,foeniculum vulgare
5466,religiosity
5467,cooyon
5469,humunculus
5470,dong
5472,minor wife
5473,egoism
5474,break the strike
5478,municipal compost
5479,hybridization event
5482,vixen
5483,ardor
5486,female sex workers
5487,gende
5488,overweening
5489,schoolmarm
5490,dozens
5491,jazz
5492,clack
5496,silly
5497,compulsive sexual behavior
5500,dolt
5501,pharisee
5502,lady
5504,gibber
5507,stuck-up
5509,dunder heads
5512,idoit
5517,man-whores
5518,do
5522,tripe
5525,bollocks
5527,terry toon
5529,jerking off
5530,m a f i a
5533,stupider
5538,moffias
5539,larcency
5544,neo geek
5548,butsecks
5549,mongloid
5552,coen berrier
5553,muddle
5558,fucking
5561,culling
5562,heteaerae
5564,motherfucking
5567,falsities
5570,cunny
5571,pedarasty
5572,sexual compulsives
5574,sluttishnesses
5575,egoistical
5577,jewism
5578,vagrant
5583,avifauna
5584,out-of-control sexual behaviors
5589,m o f i a
5590,clannish
5591,kindred
5594,casino
5595,idiotism
5602,mischievous
5603,ten o'clock girl
5604,dime novel
5608,sonofawhore
5610,buffoonery
5611,zootomical terms for location
5612,neuvou riche
5613,cul de sac
5618,m a f i a
5622,airers
5624,transvestite
5625,anal intercourse
5629,tripe
5631,idiotism
5637,patrolman
5641,cumbag
5644,half breed
5645,falsities
5646,devil
5650,dummy
5653,schemer
5654,culture of silence
5657,fix
5659,pig
5664,revere
5672,blunderer
5673,ball
5674,slick
5676,üê¶
5679,devilry
5682,fascistical
5683,impulsively sexual
5684,bawdyhouses
5685,idolise
5686,tramp
5688,conspiracy theories
5690,timeserver
5693,ladino
5694,fuzz
5696,pedanticism
5700,socialites
5701,overweeningness
5702,pimpers
5703,mancrazy
5704,establishment
5705,american indians
5706,moaner
5709,penus
5711,fleshmongers
5713,racketeer
5717,hyper-sexuals
5719,threadbare
5720,larceny
5721,üê§
5722,prevaricating
5726,a.f.&a.m.
5731,uphill gardener
5732,breeding
5734,pillock
5736,tyke
5737,romastan
5741,idiots
5742,stupidhead
5743,"etymology of the word ""fuck"""
5744,botch
5745,rest-room
5747,highwayman
5749,whore's sons
5752,have it off
5753,blackish-oranges
5754,ithyphallic
5756,ragbag
5757,midventral line
5766,wankier
5767,pompousness
5769,shopworn
5771,barbarian
5773,charlatanry
5774,negro-africans
5776,alley cat
5780,gelopie
5781,flesh-mongers
5782,chupa peak
5785,omnium-gatherum
5786,mug
5789,waste
5790,mega-brothel
5791,scallywag
5796,brigandi
5799,grungers
5802,assfucked
5803,cash in one's chips
5805,mofias
5806,whore-monger
5811,cyprian
5814,courtiers
5818,goth
5819,dirt
5821,old-hat
5823,teacher
5829,connive
5831,pea
5832,religious discrimination
5833,comment
5839,kinsfolk
5840,astute
5842,chump
5843,gouger
5847,plotter
5853,arse
5855,get it on
5862,va jay jay
5863,cretin
5864,stumblebum
5866,moronic
5867,birdness
5869,twat
5871,glut
5872,botcher
5874,queans
5876,whoreson
5878,slacker
5879,scads
5882,cross-dresses
5885,self-importance
5886,nance
5887,aviala
5888,southern mongolians
5889,mofia
5895,bulgarians
5899,fascista
5900,story
5901,newborn height
5902,plant breeders
5903,anomalous
5905,tender parnel
5911,halfcast
5912,gawk
5915,changelings
5917,half-wit
5919,broking
5921,man craziest
5928,policewoman
5929,anatomic directions
5930,loutish
5931,dandies
5932,phalloi
5937,interspecific hybrids
5939,hybrid
5941,no money no honey
5944,sexual services
5950,wrongdoer
5953,gossipping
5954,trash
5960,strumpeteer
5961,gascon
5963,religious discriminations
5965,brownish
5967,thievery
5970,wankiest
5971,pussy
5973,penalty cards
5976,brownness
5977,nosey-parker
5979,quaintrelle
5981,savage
5982,jalopy
5984,mobster
5990,out of control sexual behaviours
5994,gay
5995,negrids
5998,pandar
6000,philautia
6002,frauder
6004,jailer
6005,self-complacency
6007,high-handedness
6009,vainest
6010,hoyay
6011,no money no honey
6013,duffer
6015,trick
6016,bootlicker
6022,penny numbers
6023,policewoman
6025,harasser
6026,dimwit
6031,fancy man
6032,baddoer
6038,sodomises
6042,navvy
6043,lampyris parvicollis
6047,the t-word
6051,homophilia
6052,demagogical
6054,anti-conspiracionism
6058,police-women
6059,mancrazily
6061,mug
6065,jewishm
6066,amazulu
6067,reactionaries
6068,parvenu
6069,latrine
6070,whore-mongers
6073,inter-species mating
6074,sodomite
6079,harlots
6080,eggheads
6087,poop
6088,kerbcrawl
6090,living dinosaurs in oceania
6091,hybridizer
6092,crybaby
6093,nouveaux riches
6094,binge
6098,self-love
6099,n word
6100,idiotic
6103,scores
6106,unfortunate
6107,sob
6111,mischievousness
6112,rommany
6113,judismo
6115,lying through your teeth
6116,procuring
6119,broad-bean
6122,thieves
6123,mock
6129,mess-up
6130,fooled
6134,roll in the hay
6136,cowardice
6138,pe√≥n
6139,mischievously
6141,demagogical
6143,forskin
6144,foxy
6147,hackneyed
6150,whore-monger
6152,clothes maiden
6153,police-women
6155,zeal
6156,puticlubs
6159,idiocy
6160,harangue
6162,gipsy
6164,whore-mongers
6165,conspiranoia
6166,nympho
6167,usury
6168,maxilliped
6169,buttfucking
6170,police women
6174,designer
6175,fish
6179,persnickety
6180,marplot
6185,blackness
6188,arsehole
6191,moralization
6192,gossip
6197,beatie
6203,dunder headed
6204,idiocy
6206,finagler
6207,hoi polloi
6214,guttle
6215,troublesome youth group
6216,man-craziness
6219,policeman
6221,smarmy
6224,mammal hybrids
6226,pimpin
6229,folderol
6231,pe0n
6232,strike-breakers
6236,camorra
6240,pandered
6243,idiots
6244,hyperphiliacs
6245,mafioso
6247,religiose
6249,fundamentallism
6252,twaddle
6253,sexual dependency
6256,trash
6258,crooners
6260,galoot
6264,evildoer
6269,homonculus
6271,ceorle
6272,foeniculi fructus
6273,idioticness
6275,anal penetration
6276,gobs
6284,exigent
6285,mingle-mangle
6289,computer nerds
6290,sexual compulsion
6291,pubic hairstyle
6293,terry toon
6294,fascism
6296,slutz
6299,refuse
6304,sod
6305,gayest
6306,bollacks
6312,babe
6317,omerta
6320,gall
6321,moneylenders
6323,gays
6328,hyper-sexuality
6329,sagitally
6331,barbarically
6332,congoid
6334,queers
6336,sharp
6339,newborn size
6340,m o f f i a
6342,blackballing
6348,mediator
6349,sub-clan
6353,household wastes
6356,people
6358,pandering
6362,"rgb(0, 0, 0)"
6363,cut-up
6364,omereta`
6366,broker
6367,infant
6369,nigger
6370,oxen
6371,sodomized
6373,jews'
6376,roosting
6381,prank
6386,black-african
6389,nurseling
6390,wench
6391,self-important
6393,whore
6394,trickster
6395,breeding
6398,hybridiser
6403,nouvo riche
6404,moneylenders
6405,cop(police)
6407,herd
6409,cowardly
6411,prevarication
6412,gay
6413,buttsachs
6414,academic
6418,boor
6419,castellammarse war
6421,gende
6422,peonag
6424,mestizos
6427,narsisism
6428,c bomb
6429,cross-breeding
6430,runt
6431,w word
6432,dry up
6433,simpleton
6435,rascality
6436,class aves
6443,tarradiddle
6448,sermonise
6449,radioulnar
6450,firm
6451,lubber
6456,m.a.f.i.a.
6457,whoremaster
6458,chief
6459,woman craziest
6463,queen
6464,dunderhead
6467,dim-witted
6469,churl
6471,correspondant
6475,anal-sex
6478,loitering with intent
6480,monkey
6481,arrogant
6482,chinese
6485,homocercal
6487,goomar
6491,scientific world view
6496,cock
6499,beanqueen
6502,foppish
6503,peniss
6505,perspicacity
6509,laddie
6510,ultimately dark
6512,nerdy
6514,rabble-rouser
6517,sex-traders
6518,motherfuckers
6526,loanshark
6530,moo unit
6532,buffoons
6533,mafia
6535,slut
6536,superciliously
6538,papparazzi
6544,iberian kale
6547,waggish
6554,strumpets
6555,faggedy
6557,plant biotechnology
6559,bugger
6560,muggins
6565,aboral
6568,dunderheaded
6572,law enforcement personnel
6575,dolt
6576,poof
6583,free-masonry
6584,mutterficker
6585,hyperphilic
6586,livestock rustling
6590,mischief-making
6595,idolaters
6598,proximal
6600,penes
6603,alt thrash
6604,whoremonger
6607,manwhore
6608,drag artiste
6612,sanitary sewers
6613,scrap
6614,hybridizer
6615,ventral
6616,onanism
6617,puffiness
6618,by-blow
6619,desperado
6622,peewee
6624,dicker
6627,conjure
6630,vaffanculo
6633,moronic
6634,fourth point of contact
6637,criminal-reform
6638,eejit
6645,taught
6648,arriviste
6652,banal
6654,buttox
6656,felon
6661,cave of mystery
6663,muggins
6665,phuck
6670,bigotry
6673,oldest profession
6677,th. metzger
6681,waggishness
6684,simpleton
6687,dude!
6692,gangsterism
6696,odalisque
6699,judaists
6701,buljasi
6702,riddlestick
6703,credulousness
6704,scrap
6706,loanshark
6708,scoffer
6709,prevarications
6711,venal
6717,dime store novel
6718,pedantesses
6719,loitering with intent
6720,wit-crackers
6721,clothes horse
6722,se
6723,yahoo
6728,–ú–æ–Ω–≥–æ–ª—á—É—É–¥
6729,avian proteins
6731,whoor
6732,family
6733,pacific islander
6734,wagon trains
6736,hound
6737,crosses
6739,cooyon
6741,sluttery
6742,gossipmonger
6744,w word
6745,sbirro
6746,buggery
6747,inflation
6749,wish-wash
6751,rear
6752,asiaticus luridus
6753,buttseks
6757,scrapped
6758,simpleton
6761,barbaric
6762,erector clitoris
6763,poofta
6764,trumpery
6767,mafiosi
6768,sodomization
6770,antero-posteriorly
6774,halfbreeds
6776,dunderheads
6778,transvestitism
6780,commercial sex
6781,dragqueen
6783,demagoggery
6786,black-legging
6792,shrewdness
6793,riffraff
6795,contralateral
6797,lashings
6799,whored
6801,haystack answer
6803,gaoler
6805,mongol
6806,african blacks
6808,stealers
6809,wiseacre
6810,ornithes
6814,outlawed
6815,incriminators
6818,the m. a. f. f. i. a.
6820,cunning
6821,crimanal
6822,savage
6823,wonk
6824,mother fucker
6825,taleteller
6826,prison officers
6827,maffia
6830,native american
6831,niggaz
6833,venality
6834,criminis
6835,slave driver
6836,nut
6840,th. metzger
6841,mofia
6842,self-worship
6844,transvestic
6847,cretin
6848,jam
6849,out of control sexual behavior
6853,cockerel
6854,sexo-aesthetic inversion
6855,shy lock
6856,tender parnel
6863,pole
6865,carrionly
6867,hun
6868,ganxta
6869,gnathopods
6870,idol-worshipping
6871,melange
6873,vagrant
6874,peenis
6876,surgation
6882,idioticness
6883,outlaw
6886,policemen
6888,fuckers
6892,law enforcement personnel
6894,lout
6895,hetaerae
6897,gypsy
6900,fuck
6902,jester
6903,biston
6908,hyperphiliac
6910,boob
6912,offence
6913,neo-reactionary
6918,whorehouse
6919,shylock
6920,lampyris minor
6923,paederast
6928,pound of flesh
6932,woman crazier
6935,blackorange
6937,criminates
6940,bolt
6942,woman-crazy
6944,drag show
6948,paid sex
6949,satyriacs
6950,dolt
6951,fibber
6957,cross-dress
6958,retard
6959,pack
6960,superbia
6964,metics
6968,tormenter
6969,sexual compulsive
6970,xenikon telos
6971,amateurishness
6972,dweeb
6973,idoit
6975,female masking
6983,loan-sharking
6985,fasist
6986,negroid
6988,trasformismo
6991,slatterns
6992,concubine
6994,henchman
6997,gangsters
6998,strumpeteer
7000,grind
7001,f-hyphen-hyphen-hyphen
7002,genetic crossing
7003,conspiracy of silence
7004,cowardly
7006,lampyris sibirica
7010,director
7015,stain
7016,homosexality
7017,scrawl
7020,fleshmongers
7022,homoerotica
7023,screwing
7024,boner
7027,homoerotically
7028,scrawl
7030,rent boy
7031,sexual services
7033,mischty
7039,scientistic
7040,prevarications
7042,religionism
7043,female impersonation
7047,knob stick
7048,gasbag
7049,dope
7051,twerp
7053,infantile
7054,lying through your teeth
7055,infants%e2%80%99 health
7056,shrewd
7058,womancrazier
7059,reactionist
7062,that's gay.
7064,ardour
7073,kept woman
7074,witcracker
7075,quim
7076,girl crazier
7077,behind
7079,ladies
7081,idolotry
7083,plant crossing
7084,impasse
7086,fashion monging
7089,mestico
7090,surviving dinosaurs
7091,fanaticism
7095,rumormonger
7097,volar pads
7098,sub-saharan africans
7099,carrionists
7100,pedantess
7102,reporting from the scene
7103,penii
7104,idiocies
7105,protagonism
7106,prat
7107,boy-crazily
7109,police women
7113,blither
7118,newswriter
7119,riffraff
7123,same sex
7126,courtesan
7127,heap
7128,butcher
7131,puticlub
7132,africoid
7135,cunning
7136,transfestites
7140,the m. a. f. f. i. a.
7141,beghard
7144,gyp
7146,pressman
7147,niggah
7148,incriminations
7149,homunculi
7153,barbarian
7156,crimes
7158,complacency
7161,"fish, anatomy of"
7162,slatternly
7166,comorra
7168,mountebank
7170,soil
7179,sagittal view
7180,quean
7181,orangishblack
7185,thief
7186,freemasonary
7187,ganxta
7189,fennel
7191,high priest
7192,fawner
7194,mystifier
7195,avians
7196,mutt
7197,atypical
7198,layabout
7199,niggre
7200,ne'er-do-wells
7203,outlaw
7204,romane
7207,filches
7210,freemasonry
7213,villian
7214,contemptible
7215,gaming industry
7219,zealous
7220,papparazzo
7222,african-american
7226,mafiosa
7227,seattle sound
7228,pimps
7229,intriguer
7231,pedantic
7232,rest-rooms
7233,bum
7235,gabble
7237,league for civil education
7239,deliberate misspelling
7244,sinoid
7245,gormandize
7246,fatuity
7247,dope
7248,rrom
7249,transvestic
7251,pound of flesh
7254,well-worn
7261,penny dreadful
7264,barbarousness
7266,fuckin'
7274,relic
7276,a betularia
7278,mess
7280,outlawing
7282,gigolo
7283,conspiracy buff
7284,chocolate-brown
7285,jail guard
7286,tribeswoman
7288,miscreant
7291,fukk
7292,liars
7295,know-it-all
7299,fudgepack
7302,doofus
7304,penises
7308,cebu lodge no. 128
7309,hybrid
7312,darkie
7314,looker-on
7315,police-woman
7320,fundementalist
7321,shysters
7322,omert√†
7323,fukkit
7325,cow
7327,bed
7330,sluggard
7333,idiotism
7335,rattus norvegicus
7339,derriere
7342,technicality
7343,frig
7344,biryonim
7345,pikie
7346,blacklegging
7350,policeofficer
7351,jeer
7352,boy-crazier
7353,banditti
7363,go-between
7364,beguins
7365,eff
7366,free companies
7368,keaster
7370,idler
7371,freezer duty
7373,pretentiousness
7376,narcissitic
7377,blowhard
7378,fleshmonger
7379,dimwit
7381,sonofabitch
7382,jewesses
7386,mediocrity
7387,culchie
7389,castellammarse war
7390,woofter
7392,intercessor
7393,out of control sexual behaviors
7394,overweeningness
7395,somdomite
7396,usurary
7399,nosy-parker
7401,swaggerer
7404,hyper-sexually
7407,police-man
7408,rude
7411,foreskin
7412,old banger
7414,hybridisation event
7415,whores
7419,pander
7420,anal sex
7428,maffias
7429,salary buying
7430,haughtiness
7432,anatomical terms for location
7433,satyriases
7434,b. taurus
7438,guile
7439,paparatchi
7440,oaf
7442,mongrels
7444,swindle
7446,m a f f i a
7447,head
7448,short-change
7457,interspecies reproduction
7460,that's gay.
7461,officious
7464,out-of-control sexual behaviours
7465,idoit
7467,flock
7469,quiltro
7475,harlotry
7478,shrivel
7479,slugabed
7481,wit crackers
7482,idolatory
7486,shlong
7488,pederasts
7489,complot
7492,backside
7493,joke
7495,whoremongers
7496,gribbly
7497,bunkum
7498,timeworn
7499,usurary
7502,nouveau riche
7504,darky
7508,thieving
7514,living dinosaurs in australasia
7517,badguy
7518,jacking off
7519,dairy aire
7520,gerarchi
7523,slyboots
7525,tuch
7529,clod
7530,pars lateralis
7535,m a f f i a
7538,lad
7539,man-craziest
7546,buncombe
7547,sexually impulsive
7550,homophile
7551,mid-pupillary line
7553,freezer-duty
7565,rattus rattus domesticus
7567,coon
7569,regular grand lodge of england
7570,rooster
7571,foolishness
7572,fanny
7574,avialians
7575,apical
7576,fuck-head
7577,avialae
7578,brigandage
7582,basal
7585,crackwhore
7586,sexual dependent
7587,hoi polloi
7588,bumming
7591,blacklegged
7593,appendages
7596,snoot
7597,charlatane
7600,nouvea riche
7602,demagogueries
7603,neonatal
7604,whoredom
7606,juifs
7607,fool
7612,narcissist
7614,patsy
7615,cocotte
7616,boob
7619,womancrazily
7620,garbage
7622,officer
7623,splashiness
7626,blackly
7627,foolish
7628,wimp
7629,uncivil
7630,ponce
7635,faux-paparazzi
7636,sap
7639,cockmonger
7644,bunk
7649,yellow
7651,african descent
7652,felon
7654,the karls
7655,posteroanterior
7661,shirker
7663,f. vulgare
7665,dissembler
7668,scrapping
7671,chinese
7675,fuckingly
7676,tons
7677,frauder
7680,villain
7681,hebraism
7682,stickler
7685,gangsterism
7686,half-pint
7687,homosexualism
7689,judism
7690,expire
7691,errand boy
7692,member
7694,wangler
7695,hick
7699,mammafucker
7700,body axis
7701,jewdaism
7702,misconduct
7705,moron
7706,b√©guine
7708,palaver
7709,slackers
7713,pack
7715,behavioral signals of lying
7718,fleshmonger
7719,ostragoth
7720,penny number
7721,bollix
7722,kerbcrawling
7724,bandit
7726,cross-bred
7727,chawbacon
7728,newborns
7730,inter-species mating
7731,lawbreaking
7732,distare
7733,scallywag
7734,educator
7736,crook
7739,sexual impulsiveness
7741,freemason
7744,sagittally
7746,vndal
7747,tricksy
7748,pander
7749,pudden-head
7751,social-climbing
7753,scrapped
7755,volar surface
7759,betise
7760,vagabond
7761,destroyer
7764,scab
7765,jeerer
7767,black-leggers
7773,whiner
7775,dick
7778,mf word
7787,fundamentalism
7789,poove
7791,pterygiophore
7792,bilking
7794,mens room
7795,craven
7796,steal
7798,drifter
7799,sexual compulsions
7800,harlotry
7801,alternative thrash
7803,pedantries
7804,scholastic
7805,girlcraziness
7806,spade
7808,mafiosos
7810,dogso
7811,negroes
7813,savage
7816,mongolian
7818,idiocies
7819,kal√©
7820,bordello
7821,child molester
7825,demagogic
7828,prevaricated
7832,dolt
7833,proximo-distal
7839,rascality
7840,drag peformance
7841,phalus
7846,municipal compost
7849,prostates
7850,hymie
7851,motherfucker
7852,m.a.f.i.a.
7853,jacking off
7856,homosexualite
7857,lateral
7858,penny dreadfuls
7859,kraut
7862,hack
7867,guile
7868,ntrangata
7872,persecutor
7874,conventicle
7878,negro-african
7882,blackest
7886,piffle
7894,sloven
7896,zootomical terms of location
7897,brigandry
7898,"the ""f"" bomb"
7901,pedagogue
7903,chump
7904,brownishly
7905,lampyris longipennis
7907,homoerotic
7908,stupidity
7910,crack ho
7914,filchers
7918,barbarians
7919,history of the word 'fuck'
7921,mafias
7924,fuckwad
7925,lout
7926,dood
7927,onlooker
7928,crossdressed
7934,üë∂
7940,testicular
7942,ten o'clock girl
7945,wank
7951,hubrus
7953,dame
7956,maxillipeds
7957,paracolpium
7958,nymphomania
7959,usura
7964,sluts
7966,hooking
7967,blabbermouth
7968,fwck
7970,demagogeury
7973,f bomb
7974,rube
7975,alternative speed metal
7977,fascistically
7980,religous zealot
7981,warder
7984,moneylending
7986,trifle
7987,stupe
7991,unprotected anal
7993,doofus
7994,public toilets
7999,bandits!
8001,man reaction
8002,hooptie
8003,wanker
8007,hyper sexuals
8008,judaic
8010,foxiness
8011,coo-yon
8012,shakkanh≈ç
8019,sodomy
8023,crumb
8026,defrauder
8032,nervelessness
8034,plant breeder
8037,harpy
8038,rest room
8039,whopper
8040,distal
8041,hammerhead
8045,bastardly
8046,cosa nostra
8048,vaginal
8050,charlatanism
8055,neoreactionary
8058,peasant
8061,m. o. f. i. a.
8065,jewity
8067,sodomize
8073,meretriciously
8075,besserwisser
8079,vaunter
8081,lunkhead
8089,offense
8092,blk ppl
8093,üöª
8097,barring
8098,turnkey
8099,newspaperwoman
8101,crossdress
8104,muscleman
8105,scammer
8106,segmentary society
8108,cocksucker
8110,gunmoll
8112,dewd
8113,cross-breed
8117,anal virginity
8120,pompousness
8125,kick the bucket
8126,soapy
8130,get laid
8131,hoopty
8133,prostitutes
8136,gigalo
8138,tosser
8140,brown
8145,boy crazily
8148,waste
8149,wanker
8152,fundament
8154,inter-breeding
8155,twats
8159,boob
8160,paedant
8162,todger
8167,penial sheath
8168,hustles
8169,wish-wash
8174,conk
8176,strikebreaker
8181,floosy
8182,pretentiousness
8183,prepucium
8184,sodomists
8189,rustler
8190,hand job
8196,ballix
8203,interfertile
8205,evildoer
8206,the n-word
8208,tranvestite
8210,faction
8212,–ë—ä–ª–≥–∞—Ä–∏
8213,ass
8215,patsy
8220,fascisti
8222,egoistic
8224,mother fucka
8225,refuse
8226,simple
